year,mag_bin,n_events,mean_magnitude,mean_depth_km,mean_event_mean_intensity,sd_event_mean_intensity,q25_event_mean_intensity,q75_event_mean_intensity,mean_event_mean_measured_intensity,n_events_with_measured_intensity,mean_event_mean_best_station_intensity,sd_event_mean_best_station_intensity,mean_event_max_intensity,sd_event_max_intensity,mean_event_max_best_station_intensity,sd_event_max_best_station_intensity,mean_valid_station_records,mean_nearest_station_distance_km,median_nearest_station_distance_km,q25_nearest_station_distance_km,q75_nearest_station_distance_km,share_nearest_station_within_10km,share_nearest_station_within_20km,share_nearest_station_within_50km,mean_max_intensity_station_distance_km,median_max_intensity_station_distance_km,mean_active_station_count_within_10km,median_active_station_count_within_10km,mean_detected_station_count_within_10km,median_detected_station_count_within_10km,mean_detected_to_active_station_ratio_within_10km,mean_active_station_count_within_20km,median_active_station_count_within_20km,mean_detected_station_count_within_20km,median_detected_station_count_within_20km,mean_detected_to_active_station_ratio_within_20km,mean_active_station_count_within_50km,median_active_station_count_within_50km,mean_detected_station_count_within_50km,median_detected_station_count_within_50km,mean_detected_to_active_station_ratio_within_50km,mean_active_station_count_within_100km,median_active_station_count_within_100km,mean_detected_station_count_within_100km,median_detected_station_count_within_100km,mean_detected_to_active_station_ratio_within_100km
1980,3.0<=M<4.0,38,3.4,7.89474,1.55263,0.742435,1,2,,0,1.55263,0.742435,1.60526,0.754786,1.60526,0.754786,1.31579,61.2489,59.7922,29.9784,84.4678,0.0263158,0.0526316,0.368421,61.2489,59.7922,0.0526316,0,0.0263158,0,0.5,0.552632,0,0.0526316,0,0.111111,4.13158,4,0.394737,0,0.10251,15.5789,16,1.02632,1,0.0770504
1980,4.0<=M<5.0,8,4.3375,10,1.39375,0.374583,1,1.5625,,0,1.39375,0.374583,2,0.92582,2,0.92582,4.125,47.255,57.1898,27.8754,59.7638,0,0.125,0.375,59.5471,60.1297,0,0,0,0,,0.625,0,0.125,0,0.125,3.25,4,0.625,0,0.164286,12.75,16,2.625,2,0.328259
1980,5.0<=M<6.0,1,5,0,1.63636,,1.63636,1.63636,,0,1.63636,,3,,3,,11,30.2203,30.2203,30.2203,30.2203,0,0,1,101.795,101.795,0,0,0,0,,1,1,0,0,0,8,8,1,1,0.125,21,21,4,4,0.190476
1982,3.0<=M<4.0,28,3.39286,9.64286,1.30357,0.532974,1,1.625,,0,1.30357,0.532974,1.35714,0.621485,1.35714,0.621485,1.17857,77.8009,66.7912,34.6205,110.116,0.0357143,0.0714286,0.285714,77.8009,66.7912,0.0357143,0,0.0357143,0,1,0.428571,0,0.0714286,0,0.222222,2.78571,3.5,0.357143,0,0.140152,11.5,14,0.785714,1,0.0759806
1982,4.0<=M<5.0,15,4.26,5.33333,1.48048,0.377954,1.125,1.7619,,0,1.48048,0.377954,2,0.755929,2,0.755929,3.06667,53.1471,52.9426,32.559,67.3503,0,0.133333,0.466667,74.4703,74.0482,0.133333,0,0,0,0,0.866667,1,0.133333,0,0.15625,4.2,4,0.733333,0,0.247222,16.8,16,2.06667,2,0.158524
1982,5.0<=M<6.0,1,5.2,0,1.83333,,1.83333,1.83333,,0,1.83333,,3,,3,,6,32.5536,32.5536,32.5536,32.5536,0,0,1,40.2355,40.2355,0,0,0,0,,0,0,0,0,,2,2,2,2,1,7,7,2,2,0.285714
1983,3.0<=M<4.0,37,3.35405,10.7027,1.45946,0.544905,1,2,,0,1.45946,0.544905,1.48649,0.558849,1.48649,0.558849,1.13514,61.5043,60.8296,28.6257,79.0541,0,0,0.378378,61.5043,60.8296,0.243243,0,0,0,0,0.972973,0,0,0,0,4.64865,4,0.405405,0,0.0926426,17.2162,16,0.972973,1,0.0595817
1983,4.0<=M<5.0,12,4.34167,9.33333,1.70556,0.371139,1.5,2,,0,1.70556,0.371139,2.33333,0.651339,2.33333,0.651339,3.5,69.8412,64.4323,48.1996,80.5558,0,0,0.333333,85.2769,82.4861,0.166667,0,0,0,0,0.833333,0.5,0,0,0,4.83333,4.5,0.5,0,0.155556,16.1667,16.5,2.08333,1,0.153303
1983,5.0<=M<6.0,2,5.35,10.5,1.65897,0.388002,1.52179,1.79615,,0,1.65897,0.388002,3.5,0.707107,3.5,0.707107,14,35.2118,35.2118,30.1979,40.2257,0,0,1,89.4055,89.4055,0,0,0,0,,0,0,0,0,,5,5,3,3,0.619048,18.5,18.5,8,8,0.471667
1983,6.0<=M<7.0,1,6.2,15,1.82857,,1.82857,1.82857,,0,1.82857,,4,,4,,35,45.4644,45.4644,45.4644,45.4644,0,0,1,114.645,114.645,0,0,0,0,,0,0,0,0,,3,3,2,2,0.666667,12,12,8,8,0.666667
1984,3.0<=M<4.0,58,3.40345,10.1207,1.5431,0.768254,1,2,,0,1.5431,0.768254,1.60345,0.793386,1.60345,0.793386,1.24138,74.272,80.8784,48.547,99.1069,0,0.0344828,0.258621,75.0369,83.457,0.12069,0,0,0,0,0.862069,1,0.0344828,0,0.0465116,5.43103,5.5,0.258621,0,0.0608922,17.4655,16,0.982759,1,0.0592724
1984,4.0<=M<5.0,36,4.39444,11.0833,1.50544,0.492101,1,1.89286,,0,1.50544,0.492101,2.25,1.07902,2.25,1.07902,3.38889,64.9469,62.8424,31.1672,99.0575,0,0.0833333,0.444444,85.3879,89.1926,0.0833333,0,0,0,0,0.888889,1,0.0833333,0,0.0714286,6.11111,6,0.555556,0,0.106173,18.8889,17.5,1.91667,1,0.10747
1984,5.0<=M<6.0,8,5.3125,10.625,1.46539,0.233597,1.36346,1.5,,0,1.46539,0.233597,3.25,0.46291,3.25,0.46291,18.75,20.3959,12.575,12.2939,24.5676,0,0.625,0.875,83.8406,85.6178,0,0,0,0,,0.875,1,0.625,1,0.714286,7.125,7.5,2.75,3,0.364335,20,23,6.125,6,0.317991
1984,6.0<=M<7.0,2,6.5,4,2.09683,0.4089,1.95226,2.2414,,0,2.09683,0.4089,3.5,0.707107,3.5,0.707107,54.5,12.2763,12.2763,12.2276,12.3249,0,1,1,48.8425,48.8425,0,0,0,0,,1,1,1,1,1,8.5,8.5,3.5,3.5,0.409722,23,23,10,10,0.434783
1985,3.0<=M<4.0,94,3.45106,3.72872,1.29433,0.500553,1,1.5,,0,1.29433,0.500553,1.35106,0.562396,1.35106,0.562396,1.39362,64.4378,56.7606,29.3493,91.1048,0,0.0106383,0.361702,68.0183,60.2922,0.43617,0,0,0,0,1.12766,1,0.0106383,0,0.015873,4.60638,4,0.393617,0,0.125762,16.0532,17,1.01064,1,0.0835957
1985,4.0<=M<5.0,62,4.34194,6.19419,1.38967,0.448055,1,1.5,,0,1.38967,0.448055,1.8871,0.791447,1.8871,0.791447,4.56452,51.4828,30.9164,16.8903,71.8962,0.16129,0.290323,0.548387,72.5299,63.8821,0.451613,0,0.16129,0,0.357143,1.33871,1,0.306452,0,0.260965,4.27419,5,0.822581,1,0.256739,14.0806,13,2.53226,2,0.229876
1985,5.0<=M<6.0,16,5.3,7.32875,1.61685,0.318454,1.37143,1.90417,,0,1.61685,0.318454,2.6875,0.704154,2.6875,0.704154,14.75,38.3984,28.2408,23.0459,46.114,0,0.25,0.875,65.2534,54.9361,0.0625,0,0,0,0,0.625,0,0.25,0,0.404762,3.875,4,1.5,1,0.47463,15.1875,15.5,4.5,5.5,0.438715
1985,6.0<=M<7.0,4,6.15,10.965,2.08385,0.273722,1.89819,2.30208,,0,2.08385,0.273722,4.25,0.5,4.25,0.5,30.5,40.9881,41.1554,30.7034,51.4401,0,0.25,0.75,88.3665,85.9899,0.25,0,0,0,0,0.75,0,0.25,0,0.333333,2.25,1.5,1,1,0.611111,6.75,6.5,3.25,2,0.566346
1986,3.0<=M<4.0,91,3.46264,4.14132,1.19451,0.399267,1,1,,0,1.19451,0.399267,1.25275,0.48519,1.25275,0.48519,1.35165,68.2429,60.3086,48.4948,87.8214,0.010989,0.043956,0.252747,68.769,60.6594,0.417582,0,0.010989,0,0.0285714,0.956044,1,0.043956,0,0.0491071,4.53846,4,0.285714,0,0.0784497,16.8901,18,1.02198,1,0.0781123
1986,4.0<=M<5.0,62,4.33548,5.17645,1.36939,0.427962,1,1.55357,,0,1.36939,0.427962,1.82258,0.800086,1.82258,0.800086,3.64516,58.3383,52.1753,24.9133,79.621,0.0806452,0.16129,0.467742,71.2312,68.5031,0.241935,0,0.0806452,0,0.333333,0.693548,0,0.16129,0,0.270115,4.04839,4,0.677419,0,0.213095,15.0484,16,2.17742,2,0.217801
1986,5.0<=M<6.0,8,5.25,3.1675,1.6508,0.326376,1.36458,1.83586,,0,1.6508,0.326376,2.75,0.707107,2.75,0.707107,10.875,39.8145,30.4223,21.08,53.0619,0,0.25,0.75,91.7743,105.789,0,0,0,0,,0.75,0.5,0.375,0,0.5,3.75,4,1.125,1,0.425,16.875,16,3.5,4,0.332981
1987,3.0<=M<4.0,108,3.44444,3.77194,1.36883,0.49651,1,2,,0,1.36883,0.49651,1.46296,0.602579,1.46296,0.602579,1.42593,68.8876,61.0042,30.1372,92.0272,0.00925926,0.0277778,0.342593,71.2669,62.0639,0.518519,0,0.00925926,0,0.0238095,1.26852,1,0.0277778,0,0.0181159,5.14815,5,0.351852,0,0.0865385,18.5185,18,1.12037,1,0.0764612
1987,4.0<=M<5.0,54,4.37222,5.37907,1.55764,0.544599,1.05,1.95833,,0,1.55764,0.544599,2.12963,0.847778,2.12963,0.847778,4.57407,52.5956,51.2599,28.716,63.3732,0.0925926,0.148148,0.481481,69.8836,62.2859,0.648148,0.5,0.0925926,0,0.185185,1.62963,1,0.148148,0,0.132479,5.98148,6,0.685185,0,0.142359,18.9444,19,2.94444,3,0.194185
1987,5.0<=M<6.0,8,5.2125,5.90625,1.84033,0.440489,1.49375,2.11071,,0,1.84033,0.440489,3.375,0.744024,3.375,0.744024,14.5,32.2458,27.7588,15.9117,54.8985,0.125,0.375,0.625,66.386,46.1326,0.625,0.5,0.125,0,0.25,1.375,1,0.375,0,0.388889,5,4.5,1.5,2,0.322917,16.625,16.5,6,5.5,0.351576
1987,6.0<=M<7.0,2,6.6,9.535,2.3805,0.0867702,2.34983,2.41118,,0,2.3805,0.0867702,5,0,5,0,45,56.7609,56.7609,55.9768,57.545,0,0,0,134.743,134.743,1,1,0,0,0,2,2,0,0,0,4.5,4.5,0,0,0,12,12,4.5,4.5,0.525
1988,3.0<=M<4.0,103,3.46408,3.42447,1.33851,0.492465,1,1.83333,,0,1.33851,0.492465,1.41748,0.569215,1.41748,0.569215,1.41748,69.8068,68.3257,50.0143,85.6278,0,0.00970874,0.252427,70.8335,68.6056,0.485437,0,0,0,0,1.30097,1,0.00970874,0,0.00943396,4.24272,4,0.252427,0,0.0744026,14.4369,16,1.06796,1,0.0981332
1988,4.0<=M<5.0,59,4.32203,4.90627,1.45135,0.427551,1,1.75,,0,1.45135,0.427551,1.91525,0.74944,1.91525,0.74944,4.0339,59.9915,60.2162,34.99,79.1571,0.0338983,0.118644,0.389831,72.9695,74.6706,0.355932,0,0.0338983,0,0.105263,1.18644,1,0.135593,0,0.115196,4.23729,4,0.627119,0,0.200664,14.0339,14,2.16949,1,0.206718
1988,5.0<=M<6.0,6,5.33333,6.32167,2.19841,0.296242,2.01316,2.44939,,0,2.19841,0.296242,3.66667,0.516398,3.66667,0.516398,18.3333,19.1527,16.4699,5.66782,27.3853,0.5,0.5,1,62.3194,62.4118,0.833333,0.5,0.5,0.5,0.666667,1.83333,1.5,0.833333,0.5,0.472222,4.5,5,2,2,0.579365,14,20,6.16667,7.5,0.561111
1988,6.0<=M<7.0,1,6.1,17.46,1.89286,,1.89286,1.89286,,0,1.89286,,3,,3,,28,30.4901,30.4901,30.4901,30.4901,0,0,1,95.6986,95.6986,1,1,0,0,0,1,1,0,0,0,3,3,1,1,0.333333,12,12,6,6,0.5
1989,3.0<=M<4.0,167,3.3497,2.23156,1.41118,0.526978,1,2,,0,1.41118,0.526978,1.52695,0.628772,1.52695,0.628772,1.34132,81.5556,84.7895,58.7443,106.166,0.00598802,0.0179641,0.143713,85.0493,104.41,0.233533,0,0.00598802,0,0.0294118,0.60479,0,0.0179641,0,0.0375,3.4491,2,0.149701,0,0.040615,12.1916,9,0.730539,1,0.0604018
1989,4.0<=M<5.0,62,4.32903,4.10435,1.5005,0.442213,1.2,1.74107,,0,1.5005,0.442213,2.19355,0.826581,2.19355,0.826581,4.6129,63.4288,57.3194,40.9661,79.5235,0.016129,0.0483871,0.370968,83.0761,83.7464,0.258065,0,0.016129,0,0.0625,0.806452,0,0.0483871,0,0.0654762,3.80645,4,0.451613,0,0.113817,13.9516,14,2.17742,1,0.175278
1989,5.0<=M<6.0,8,5.35,3.66125,1.96746,0.187383,1.8375,2.04167,,0,1.96746,0.187383,3.25,0.46291,3.25,0.46291,16.625,27.3091,21.1203,18.9048,46.6151,0.125,0.25,1,44.5759,49.9008,0.5,0.5,0.125,0,0.25,0.875,1,0.25,0,0.285714,4.25,5,1.25,1,0.35,13.75,13,6.25,6,0.462329
1990,3.0<=M<4.0,98,3.40918,3.73735,1.4932,0.645239,1,2,,0,1.4932,0.645239,1.61224,0.754815,1.61224,0.754815,1.45918,60.9346,58.7597,27.7199,84.8307,0.0102041,0.0510204,0.377551,63.9191,60.634,0.295918,0,0.0102041,0,0.04,0.94898,1,0.0510204,0,0.0701754,4.21429,4,0.418367,0,0.119892,15.7857,16,1.16327,1,0.0973717
1990,4.0<=M<5.0,83,4.34578,5.06024,1.44693,0.463516,1,1.72115,,0,1.44693,0.463516,1.80723,0.706379,1.80723,0.706379,3.56627,53.4421,33.5976,19.5781,81.278,0.0722892,0.26506,0.578313,63.4051,58.006,0.337349,0,0.0722892,0,0.222222,0.975904,1,0.26506,0,0.322034,4.26506,5,0.807229,1,0.245486,17.1687,16,2.21687,1,0.145775
1990,5.0<=M<6.0,16,5.2375,4.30125,1.88453,0.563552,1.66071,2.07187,,0,1.88453,0.563552,3.375,0.885061,3.375,0.885061,12.0625,30.2312,24.0042,19.3429,39.7322,0.125,0.3125,0.9375,59.9171,52.6213,0.3125,0,0.125,0,0.4,1.3125,1,0.4375,0,0.25641,3.8125,3.5,1.6875,1.5,0.484598,14.1875,15.5,6.0625,7,0.422531
1991,3.0<=M<4.0,77,3.44675,3.62234,1.4671,0.69215,1,2,,0,1.4671,0.69215,1.5974,0.782367,1.5974,0.782367,1.61039,65.3683,66.591,34.0565,81.6239,0.012987,0.0519481,0.298701,67.585,69.5933,0.415584,0,0.012987,0,0.037037,1.07792,1,0.0519481,0,0.0869565,4.2987,4,0.324675,0,0.102027,15.8312,16,1.28571,1,0.112433
1991,4.0<=M<5.0,60,4.30333,5.91283,1.63345,0.600492,1.26705,1.87202,,0,1.63345,0.600492,2.25,0.932011,2.25,0.932011,4.5,52.5395,54.2682,22.0206,77.9448,0.15,0.25,0.433333,68.7179,61.5952,0.366667,0,0.15,0,0.447368,1.1,1,0.266667,0,0.325269,4,4,0.766667,0,0.201602,13.8833,15,2.75,2,0.269233
1991,5.0<=M<6.0,6,5.51667,9.22833,1.96475,0.208053,1.89605,2.11538,,0,1.96475,0.208053,3.5,0.547723,3.5,0.547723,16.1667,30.4422,26.1057,23.7756,41.9612,0.166667,0.166667,0.833333,57.5074,40.1978,0.333333,0,0.166667,0,0.5,1,0.5,0.166667,0,0.333333,3.66667,2,1.16667,1,0.533333,10.5,9,4.33333,3.5,0.523392
1992,3.0<=M<4.0,110,3.43,3.62327,1.79909,0.969215,1,2,,0,1.79909,0.969215,1.94545,1.06518,1.94545,1.06518,1.46364,65.674,72.9806,34.09,79.8445,0.0272727,0.0363636,0.336364,69.2654,75.9719,0.254545,0,0.0272727,0,0.111111,0.645455,0,0.0454545,0,0.0625,3.39091,4,0.363636,0,0.111256,12.0727,14,1.10909,1,0.201813
1992,4.0<=M<5.0,71,4.26761,4.98451,1.54784,0.684542,1,1.75,,0,1.54784,0.684542,2.05634,1.05407,2.05634,1.05407,3.95775,56.126,56.9486,28.1724,78.0544,0.140845,0.197183,0.394366,71.0683,73.2699,0.366197,0,0.140845,0,0.38,0.971831,1,0.225352,0,0.232906,4.05634,5,0.633803,0,0.14783,15.1549,16,2.46479,2,0.224227
1992,5.0<=M<6.0,8,5.2125,6.53125,1.88367,0.552439,1.74375,1.96739,,0,1.88367,0.552439,3.375,1.18773,3.375,1.18773,13.5,44.0544,31.9647,23.9425,47.4703,0.125,0.125,0.875,91.3959,90.2146,0.25,0,0.125,0,0.5,0.375,0,0.125,0,0.333333,3.125,2.5,1.875,2,0.654762,14.25,13.5,5.5,3.5,0.542551
1992,6.0<=M<7.0,1,6.1,12.1,2,,2,2,,0,2,,4,,4,,29,65.4906,65.4906,65.4906,65.4906,0,0,0,329.055,329.055,0,0,0,0,,0,0,0,0,,0,0,0,0,,7,7,4,4,0.571429
1993,3.0<=M<4.0,159,3.40126,3.02063,1.54245,0.626834,1,2,,0,1.54245,0.626834,1.72327,0.778768,1.72327,0.778768,1.57862,73.9913,82.3979,45.8073,97.0018,0,0.0314465,0.257862,76.3794,92.2684,0.188679,0,0,0,0,0.949686,1,0.0314465,0,0.0409091,3.59748,3,0.27673,0,0.0972435,12.2767,9,0.987421,1,0.104476
1993,4.0<=M<5.0,53,4.3717,4.09,1.55369,0.722798,1,1.77778,,0,1.55369,0.722798,2.18868,1.0388,2.18868,1.0388,4.28302,59.089,55.3082,28.4613,79.495,0,0.0943396,0.433962,70.6674,60.9868,0.0943396,0,0,0,0,0.679245,1,0.0943396,0,0.178571,3.98113,3,0.830189,0,0.233544,13.7358,10,2.30189,2,0.252995
1993,5.0<=M<6.0,10,5.22,5.703,1.70021,0.304206,1.45378,1.87121,,0,1.70021,0.304206,3,0.816497,3,0.816497,16.8,25.175,22.7815,16.9553,29.8385,0.1,0.4,0.9,42.0376,28.5334,0.2,0,0.1,0,0.5,1,1,0.4,0,0.571429,5.8,6,2.1,2,0.48627,19.3,22.5,6.1,5,0.364463
1994,3.0<=M<4.0,85,3.52588,3.53624,1.24451,0.432152,1,1.33333,,0,1.24451,0.432152,1.31765,0.516669,1.31765,0.516669,1.65882,64.1059,59.7798,28.8856,85.1726,0.0117647,0.0705882,0.329412,65.7292,62.9446,0.235294,0,0.0117647,0,0.0555556,0.964706,1,0.0705882,0,0.107143,4.67059,5,0.4,0,0.106792,16.9176,18,1.34118,1,0.100689
1994,4.0<=M<5.0,59,4.36102,5.24034,1.39034,0.356944,1,1.6,,0,1.39034,0.356944,2.10169,0.903917,2.10169,0.903917,5.72881,48.5577,46.894,27.4119,62.4495,0.0508475,0.101695,0.542373,67.5359,67.0103,0.389831,0,0.0508475,0,0.142857,1.32203,1,0.118644,0,0.0940171,5.62712,6,0.949153,1,0.233434,19.6271,21,3.22034,3,0.211623
1994,5.0<=M<6.0,10,5.35,4.728,1.61333,0.361053,1.325,1.92791,,0,1.61333,0.361053,3.2,1.0328,3.2,1.0328,15,93.5957,29.6467,24.9288,58.085,0,0.2,0.7,118.487,54.5622,0,0,0,0,,0.3,0,0.2,0,0.666667,3.7,3.5,1.7,2,0.561111,13.6,10.5,4.9,4.5,0.516695
1995,3.0<=M<4.0,235,3.37915,11.2979,1.42835,0.502267,1,2,,0,1.42835,0.502267,1.68936,0.734741,1.68936,0.734741,2.71064,10.8131,7.64675,3.74779,16.8328,0.595745,0.8,1,11.1522,7.92157,1.18723,1,0.970213,1,0.796458,2.61702,2,1.78723,1,0.694613,10.234,8,2.55319,1,0.243401,29.8426,28,2.68511,1,0.0850577
1995,4.0<=M<5.0,66,4.31364,11.8459,1.42612,0.331492,1.22222,1.5625,,0,1.42612,0.331492,2.5,0.948683,2.5,0.948683,8.22727,17.6686,15.7852,6.03398,22.1485,0.378788,0.681818,0.984848,19.1029,15.7852,0.621212,0,0.5,0,0.784946,1.39394,1,1.0303,1,0.754545,7.28788,7,3.13636,3,0.425378,27.5,27,5.72727,4.5,0.211743
1995,5.0<=M<6.0,10,5.25,11.946,1.7297,0.210221,1.63542,1.87634,,0,1.7297,0.210221,3.7,0.823273,3.7,0.823273,25.8,13.6629,11.0905,6.07645,14.0795,0.4,0.8,1,16.0247,11.0905,0.6,0.5,0.4,0,0.7,1.6,1,1.3,1,0.814815,7.7,7.5,4.5,4,0.565465,26.8,28,10.2,10.5,0.390651
1996,3.0<=M<4.0,158,3.35253,10.1724,1.37985,0.472761,1,1.66667,,0,1.37985,0.472761,1.59494,0.628799,1.59494,0.628799,2.31013,15.3747,13.9905,5.65256,24.9556,0.373418,0.620253,0.993671,16.0773,15.1254,1.02532,1,0.582278,0,0.556583,2.51266,2,1.01266,1,0.391698,14.3671,15,2.13924,1,0.173864,47.0823,50,2.27848,1,0.0536272
1996,4.0<=M<5.0,25,4.328,11.2428,1.46295,0.279494,1.33333,1.5,,0,1.46295,0.279494,2.52,0.918332,2.52,0.918332,7.2,19.2038,20.6753,9.63778,26.3127,0.28,0.44,1,23.6345,24.6495,0.52,0,0.32,0,0.606061,1.4,1,0.64,0,0.369048,12.28,14,3.64,3,0.355098,43.68,49,6.48,6,0.178903
1996,5.0<=M<6.0,6,5.43333,10.0283,1.60789,0.201517,1.46429,1.72143,,0,1.60789,0.201517,4.5,0.547723,4.5,0.547723,37,20.6968,24.2362,18.4902,25.528,0.166667,0.333333,1,23.8948,24.2362,0.166667,0,0.166667,0,1,1.16667,1,0.333333,0,0.25,13.3333,15,4.33333,4,0.383598,43.8333,49.5,16,15,0.397821
1996,6.0<=M<7.0,1,6.1,8.63,1.74359,,1.74359,1.74359,,0,1.74359,,5,,5,,39,24.5471,24.5471,24.5471,24.5471,0,0,1,27.5294,27.5294,0,0,0,0,,1,1,0,0,0,17,17,3,3,0.176471,53,53,18,18,0.339623
1997,3.0<=M<4.0,250,3.3468,9.25616,1.31404,0.385798,1,1.5,1.19244,232,1.20161,0.410944,1.664,0.663979,1.6088,0.629657,3.528,12.6086,10.3869,8.59375,14.577,0.46,0.844,1,14.4183,12.2878,1.132,1,0.58,0,0.490521,4.044,5,1.828,2,0.475393,15.572,14,3.064,2,0.20613,45.132,38,3.524,2,0.0851639
1997,4.0<=M<5.0,31,4.28065,11.3632,1.59893,0.575755,1.32292,1.70824,1.45045,30,1.47068,0.554422,2.87097,0.846244,2.78387,0.790399,17.5484,13.0594,9.54945,8.52318,16.4592,0.516129,0.774194,1,19.2499,17.7803,1,1,0.548387,1,0.583333,3.03226,3,1.80645,2,0.665972,13.6129,13,7.67742,9,0.532491,40.5161,38,14.7097,15,0.34865
1997,5.0<=M<6.0,6,5.26667,10.8617,1.67459,0.367163,1.61413,1.86181,1.5362,6,1.52725,0.531338,3.91667,1.56258,3.71667,1.64853,42.6667,42.1384,12.1152,9.41268,17.9568,0.333333,0.833333,0.833333,44.9515,13.0016,0.833333,0.5,0.333333,0,0.333333,3.66667,5,1.83333,2,0.58,11.5,14.5,7.5,9,0.679286,29,34.5,21.5,26,0.747964
1997,6.0<=M<7.0,3,6.53333,9.79333,2.1963,0.0990075,2.15349,2.25051,2.13965,3,2.14301,0.13833,5.66667,0.288675,5.36667,0.251661,116,16.9155,12.8556,12.3296,19.4713,0,0.666667,1,17.942,12.8556,0.333333,0,0,0,0,3.33333,5,2,3,0.6,12.3333,14,7,8,0.566138,32.6667,34,25.3333,26,0.778519
1998,3.0<=M<4.0,177,3.34463,9.29621,1.41344,0.486615,1,1.66667,1.26041,177,1.26041,0.503833,1.78531,0.714468,1.70056,0.722802,4.40113,9.92036,9.04932,3.16075,13.738,0.531073,0.915254,0.988701,11.5049,10.9123,1.23729,1,0.870056,1,0.698454,4.48588,2,2.31073,1,0.609369,24.6893,15,3.98305,2,0.16528,90.5311,58,4.34463,2,0.0541027
1998,4.0<=M<5.0,34,4.35,6.52706,1.37862,0.382243,1.15444,1.47115,1.20409,34,1.20409,0.369261,2.5,0.92932,2.52059,0.900767,15.2941,15.3888,9.73158,5.47912,19.1924,0.5,0.764706,0.970588,20.6043,13.1674,0.823529,1,0.529412,0.5,0.736842,2.14706,1,1.38235,1,0.769753,15.7353,12,7.47059,7,0.494013,68.5882,58,12.4412,11,0.195301
1998,5.0<=M<6.0,7,5.24286,8.92857,1.47725,0.273441,1.31884,1.6291,1.35722,7,1.35722,0.311937,4,0.57735,4.15714,0.403556,124.571,10.7546,12.3345,6.94257,13.6308,0.428571,0.857143,1,11.1407,12.4749,0.857143,1,0.714286,0,0.75,4.42857,1,3.85714,1,0.952083,27.8571,16,20.8571,10,0.755373,89.5714,85,51.1429,32,0.523426
1998,6.0<=M<7.0,1,6.2,7.86,1.87931,,1.87931,1.87931,1.83621,1,1.83621,,6,,5.9,,116,4.33647,4.33647,4.33647,4.33647,1,1,1,4.33647,4.33647,1,1,1,1,1,5,5,3,3,0.6,18,18,13,13,0.722222,108,108,72,72,0.666667
1999,3.0<=M<4.0,133,3.36241,11.3098,1.25663,0.315612,1,1.33333,1.10267,133,1.10267,0.350593,1.81203,0.719326,1.71579,0.696076,10.5414,10.7276,8.95852,3.65315,12.8903,0.578947,0.902256,0.984962,14.2594,11.1502,2.20301,1,1.61654,1,0.649619,8.92481,8,4.75188,3,0.52746,51.9398,53,9.14286,5,0.19279,181.12,158,10.4737,5,0.0638837
1999,4.0<=M<5.0,23,4.29565,10.9683,1.3995,0.18903,1.25926,1.55508,1.27781,23,1.27781,0.192648,3.26087,0.6887,3.08261,0.730288,87.3478,9.59286,9.06414,3.89422,13.2895,0.652174,0.869565,1,17.5283,15.8112,1.73913,1,1.30435,1,0.703922,8.13043,6,5.78261,4,0.651853,48.7826,46,29.6087,28,0.600865,169.087,135,63.2174,43,0.358142
1999,5.0<=M<6.0,1,5.2,11.64,1.59631,,1.59631,1.59631,1.52029,1,1.52029,,4,,4.1,,488,8.69934,8.69934,8.69934,8.69934,1,1,1,22.1741,22.1741,1,1,1,1,1,1,1,1,1,1,37,37,33,33,0.891892,290,290,245,245,0.844828
2000,3.0<=M<4.0,467,3.29657,8.42683,1.60755,0.613865,1.18809,2,1.48771,467,1.48771,0.614318,2.33833,0.824184,2.28544,0.768032,8.66167,7.71411,6.43172,4.91673,8.76439,0.815846,0.963597,1,9.59441,7.38039,2.98715,2,1.99358,1,0.697799,8.68308,8,4.71734,4,0.591268,41.9122,49,7.77302,6,0.229151,146.24,173,8.44111,6,0.0660336
2000,4.0<=M<5.0,67,4.2791,9.3603,1.54959,0.380809,1.30536,1.67949,1.41161,67,1.41161,0.415395,3.56716,0.722451,3.52836,0.594114,71.0299,7.75054,6.44469,4.07994,10.1184,0.746269,0.985075,1,10.4486,7.49248,2.85075,2,2.29851,1,0.793838,8.38806,7,6.83582,5,0.829695,42.1791,48,26.3582,26,0.630139,157.358,173,51.2537,42,0.320478
2000,5.0<=M<6.0,3,5.26667,8.47,1.60349,0.344386,1.40524,1.71574,1.5338,3,1.5338,0.341385,4.66667,0.57735,4.3,0.72111,231.667,7.82871,4.45063,4.13028,9.8381,0.666667,1,1,11.655,4.6952,5,7,3.66667,5,0.732143,12,14,9,12,0.835714,59,63,40,39,0.695691,176,173,118,111,0.663943
2000,6.0<=M<7.0,1,6.6,0,1,,1,1,0.5,1,0.5,,1,,0.5,,1,456.097,456.097,456.097,456.097,0,0,0,456.097,456.097,0,0,0,0,,0,0,0,0,,0,0,0,0,,0,0,0,0,
2000,7.0<=M,2,7.35,4.98,1.86195,1.21898,1.43098,2.29293,1.67439,2,1.67439,1.378,3.75,3.88909,3.55,3.88909,662,199.328,199.328,103.03,295.627,0.5,0.5,0.5,219.143,219.143,0.5,0.5,0.5,0.5,1,4.5,4.5,4,4,0.888889,28,28,27.5,27.5,0.982143,95,95,93,93,0.978947
2001,3.0<=M<4.0,186,3.32634,10.2927,1.22028,0.286126,1,1.33333,1.05628,186,1.05628,0.316272,1.74731,0.662198,1.70108,0.643721,8.5,7.08022,5.2206,3.28662,9.07792,0.806452,0.956989,1,9.65183,8.47542,2.26882,2,1.80108,2,0.811483,7.75269,6,4.11828,3,0.539527,49.1989,40.5,7.5914,5.5,0.165266,194.344,177,8.41398,6,0.0516857
2001,4.0<=M<5.0,33,4.32121,10.7724,1.296,0.165005,1.1875,1.36029,1.1621,33,1.1621,0.158995,2.93939,0.78817,2.85455,0.742921,68.0909,8.05117,5.10285,3.72678,9.36721,0.757576,0.909091,1,11.5626,7.58116,2,2,1.90909,2,0.942308,7.0303,6,6.30303,5,0.859048,45.8182,38,26.8788,22,0.58637,200.273,174,53.9091,43,0.296741
2001,5.0<=M<6.0,4,5.375,8.6825,1.61955,0.251771,1.59493,1.74582,1.54341,4,1.54341,0.274524,4.25,0.5,4.275,0.579511,503,6.09749,4.64621,3.84018,6.90351,0.75,1,1,14.7308,12.9927,1,1,1,1,1,5.75,5.5,5.5,5.5,0.972222,59,54.5,53.75,47.5,0.892956,269.75,264.5,195.5,174,0.745511
2002,3.0<=M<4.0,148,3.29122,10.1341,1.23146,0.263871,1,1.36364,1.07621,148,1.07621,0.306034,1.77703,0.678343,1.75,0.646129,10.3986,7.97477,6.56384,3.18981,11.7455,0.689189,0.966216,1,11.1211,9.60405,2.58784,2,1.90541,1,0.717572,9.70946,9,5.27027,4,0.556387,63.6216,64,9.66892,6,0.160898,226.959,222,10.3041,6,0.0549834
2002,4.0<=M<5.0,23,4.27391,11.9683,1.35094,0.174772,1.26511,1.46248,1.22236,23,1.22236,0.189861,2.91304,0.848155,2.87391,0.838406,75.913,8.52369,5.50947,3.61412,11.3336,0.652174,0.956522,1,16.524,14.0297,2.65217,3,2.34783,3,0.838542,10.913,12,9.47826,10,0.847863,64,60,37.8696,35,0.57993,224.435,224,61.2174,52,0.287063
2002,5.0<=M<6.0,1,5.5,9.64,1.74098,,1.74098,1.74098,1.65836,1,1.65836,,4,,4.3,,610,1.03578,1.03578,1.03578,1.03578,1,1,1,1.03578,1.03578,2,2,2,2,1,13,13,13,13,1,66,66,64,64,0.969697,211,211,201,201,0.952607
2003,3.0<=M<4.0,239,3.29707,10.7833,1.292,0.283769,1.04805,1.42396,1.15445,239,1.15445,0.296524,2.12552,0.835741,2.07657,0.793325,11.2008,5.93049,4.15327,2.67521,7.17391,0.845188,0.966527,1,8.37127,6.88097,3.94561,4,2.93724,3,0.751456,13.272,15,6.94979,6,0.522878,60.1674,60,10.4854,8,0.178822,193.669,154,11.1381,8,0.0649989
2003,4.0<=M<5.0,37,4.29189,11.8378,1.38964,0.209243,1.22857,1.50575,1.27406,37,1.27406,0.211881,3.2973,0.740303,3.27027,0.802726,87.1081,7.59939,4.75199,3.6667,10.6799,0.72973,0.945946,1,12.8817,8.77988,3.54054,4,2.81081,2,0.817734,11.027,11,8.24324,7,0.775853,56.2703,59,35.027,28,0.625004,196.378,157,65.027,51,0.344031
2003,5.0<=M<6.0,4,5.325,12.5725,1.82187,0.13256,1.73859,1.87377,1.7496,4,1.7496,0.12375,5.5,0.57735,5.35,0.525991,315.25,3.26016,3.48242,2.85009,3.89249,1,1,1,3.82071,3.48242,6,6,5.25,5,0.880952,17.75,17.5,16.5,16.5,0.931699,59.5,59,54.75,54.5,0.920635,152.5,152,122,120,0.80009
2003,6.0<=M<7.0,1,6.4,11.87,2.29604,,2.29604,2.29604,2.24366,1,2.24366,,6.5,,6.2,,733,0.672083,0.672083,0.672083,0.672083,1,1,1,5.07484,5.07484,4,4,4,4,1,17,17,17,17,1,57,57,52,52,0.912281,151,151,126,126,0.834437
2004,3.0<=M<4.0,453,3.33068,9.61552,1.32354,0.305764,1,1.5,1.2213,453,1.2213,0.316208,1.95806,0.732016,1.92627,0.680768,8.07947,7.70603,7.20896,4.52754,10.1214,0.746137,0.986755,1,10.3867,9.13826,4.11038,4,1.71965,1,0.436344,14.6468,16,4.81015,4,0.347175,60.4879,61,7.40397,5,0.12633,208.457,207,8.03974,5,0.0407126
2004,4.0<=M<5.0,93,4.32258,10.1823,1.50471,0.152683,1.42364,1.58333,1.41539,93,1.41539,0.157542,3.37634,0.674279,3.31075,0.602253,62.5699,7.33193,6.45665,4.38125,8.76303,0.806452,0.978495,0.989247,11.0677,10.4207,4.22581,4,2.12903,2,0.507094,15.4086,16,9.29032,9,0.617843,60.6989,60,30.3871,29,0.496695,211.312,208,51.2796,42,0.246519
2004,5.0<=M<6.0,22,5.25455,9.01409,1.68656,0.228459,1.57985,1.70733,1.60745,22,1.60745,0.237625,4.79545,0.718117,4.67727,0.53357,371.5,5.81228,6.1379,4.87932,6.70339,1,1,1,9.20533,8.39147,4.72727,4,2.68182,2,0.588095,15.4545,16,9.90909,10,0.642279,60.8636,62,47.5,45.5,0.775423,207.955,206,143.909,157,0.695359
2004,6.0<=M<7.0,6,6.3,11.3883,2.19617,0.234199,2.03534,2.39606,2.12465,6,2.12465,0.242787,6.16667,0.60553,5.73333,0.60553,1038.83,7.81707,6.95964,3.94117,10.837,0.666667,1,1,10.9743,7.33799,4.33333,4,3,3,0.654762,13,15.5,9.16667,9.5,0.747805,53.6667,61.5,43.8333,49.5,0.820144,180.333,206.5,158,180,0.879686
2005,3.0<=M<4.0,157,3.26688,9.75197,1.2109,0.218266,1,1.33333,1.07239,157,1.07239,0.260521,1.80255,0.674057,1.77516,0.595351,9.94904,6.84259,6.04164,3.3845,8.21019,0.847134,0.961783,1,9.34902,7.79469,3.54777,3,2.33121,2,0.691626,13.6433,15,6.36306,5,0.479526,73.3949,66,9.51592,7,0.129541,259.006,244,9.91083,7,0.0388208
2005,4.0<=M<5.0,30,4.29,9.52833,1.40842,0.202695,1.23917,1.5558,1.28955,30,1.28955,0.234897,3.1,0.884736,3.06333,0.747632,107.867,7.38972,6.3664,4.73184,8.51643,0.833333,1,1,11.2178,9.04134,3.4,3,2.86667,2,0.821314,12.6667,12.5,10.5,9,0.847523,70.7,65,41.8333,33.5,0.557946,262.6,244,82.5667,46.5,0.282886
2005,5.0<=M<6.0,3,5,14.2,1.71205,0.121337,1.67652,1.7821,1.63696,3,1.63696,0.125437,4.83333,0.763763,4.7,0.52915,324.333,4.23074,4.03186,2.24891,6.11313,1,1,1,5.07168,4.03186,1.33333,1,1.33333,1,1,16,15,14.6667,12,0.907692,77.3333,63,72,57,0.921783,214,192,173,151,0.794369
2006,3.0<=M<4.0,101,3.26238,10.0793,1.25504,0.280078,1,1.38462,1.09507,101,1.09507,0.293126,1.92079,0.716703,1.85941,0.643611,11.5347,6.14425,5.15331,3.00417,7.79113,0.881188,0.970297,1,9.7449,8.23261,4.07921,4,2.81188,2,0.715892,14.6733,14,6.68317,6,0.48752,78.2574,71,10.6139,8,0.150631,283.891,291,11.4257,8,0.0439582
2006,4.0<=M<5.0,15,4.31333,9.672,1.38632,0.216516,1.25689,1.41702,1.25386,15,1.25386,0.22031,3.13333,0.743223,3.08667,0.722957,136.2,7.75872,6.96237,3.95962,8.72307,0.8,0.933333,1,10.7847,8.22612,2.06667,2,2,2,0.958333,9.2,8,8.46667,8,0.898704,70.6,69,49.5333,47,0.65796,274.067,322,105.533,93,0.382622
2007,3.0<=M<4.0,224,3.29688,10.225,1.20554,0.237688,1,1.33333,1.04194,224,1.04194,0.268081,1.76786,0.721013,1.69196,0.672675,9.79464,6.45672,5.71153,3.43908,8.59097,0.808036,0.986607,1,10.1019,9.53048,3.02232,3,2.14286,2,0.678443,10.625,7,5.31696,4,0.522065,56.6964,53.5,9.10714,5,0.166621,214.375,197,9.6875,5,0.0464242
2007,4.0<=M<5.0,40,4.3675,10.1965,1.41209,0.143371,1.32646,1.51831,1.28476,40,1.28476,0.159082,3.3125,0.821876,3.3,0.720755,118.025,7.59587,4.63414,3.22946,7.15395,0.85,0.975,0.975,12.0628,7.23342,3.375,3,3.2,3,0.935204,12.875,12.5,11.925,11,0.896732,64.9,61,46.2,34.5,0.702457,245.325,254.5,90.425,60.5,0.369319
2007,5.0<=M<6.0,2,5.35,14.71,1.82377,0.156283,1.76852,1.87903,1.74378,2,1.74378,0.176468,5.25,0.353553,5.1,0.282843,615,4.69707,4.69707,3.61913,5.775,1,1,1,8.94127,8.94127,5,5,4.5,4.5,0.9375,14,14,12.5,12.5,0.934783,74,74,70.5,70.5,0.939675,282,282,268.5,268.5,0.922011
2008,3.0<=M<4.0,422,3.29123,8.49917,1.12215,0.195476,1,1.18048,0.919753,422,0.919753,0.246203,1.57346,0.677467,1.48555,0.656959,9.45735,11.82,11.6621,7.6059,15.6318,0.374408,0.919431,1,14.4075,13.6822,1.45261,1,0.803318,0,0.3955,7.85071,7,3.52607,2,0.431855,71.7393,70,8.34834,5,0.116646,243.86,235,9.42417,5,0.0390447
2008,4.0<=M<5.0,97,4.26495,8.99495,1.26481,0.124701,1.16949,1.34921,1.12267,97,1.12267,0.159204,2.80412,0.655731,2.77423,0.624546,79.7113,10.806,11.5706,8.10026,13.9695,0.350515,1,1,16.1371,13.9502,1.43299,1,0.773196,0,0.355617,7.72165,7,5.71134,5,0.733916,69.2062,69,39.3093,39,0.566904,236.371,233,69.4536,64,0.29702
2008,5.0<=M<6.0,3,5.4,8.00333,1.66267,0.10698,1.62353,1.72362,1.59475,3,1.59475,0.135059,4.33333,0.57735,4.23333,0.378594,340.333,13.6918,11.251,10.5276,15.6355,0.333333,0.666667,1,13.6918,11.251,0.666667,1,0.333333,0,0.5,5,4,3.33333,3,0.483333,71.3333,71,60.6667,60,0.850417,235,237,193,189,0.819999
2008,7.0<=M,1,7.2,7.77,2.62582,,2.62582,2.62582,2.54356,1,2.54356,,6.5,,6.2,,1375,16.0707,16.0707,16.0707,16.0707,0,1,1,33.5111,33.5111,1,1,0,0,0,5,5,3,3,0.6,69,69,61,61,0.884058,235,235,218,218,0.92766
2009,3.0<=M<4.0,197,3.29492,9.35848,1.17823,0.193758,1,1.28571,1.00815,197,1.00815,0.239719,1.8731,0.788396,1.79239,0.722024,13.1421,7.10759,5.34344,3.14682,9.43417,0.756345,0.949239,1,10.899,9.47294,2.85279,3,1.9797,2,0.661239,12.2741,12,6.26904,5,0.503588,77.066,68,11.6904,7,0.146531,299.234,322,13.0964,8,0.0437519
2009,4.0<=M<5.0,22,4.38182,8.59818,1.41656,0.188369,1.3244,1.53658,1.30493,22,1.30493,0.194207,3.22727,0.81251,3.22727,0.805447,91.9545,6.55266,5.52745,2.69763,7.8565,0.772727,0.954545,1,9.93479,7.80355,2.09091,2,1.68182,2,0.791667,10.7273,12,9.18182,10,0.860294,66.0909,66,41.8636,33.5,0.634919,273.727,284,74.2273,46,0.312349
2009,5.0<=M<6.0,3,5.1,6.12,1.48554,0.123323,1.41694,1.53636,1.39046,3,1.39046,0.135365,4.66667,0.57735,4.53333,0.378594,417,5.90125,3.4383,3.0902,7.48083,0.666667,1,1,7.25515,3.4383,1.33333,2,0.666667,1,0.5,8.66667,10,8,9,0.936364,73.6667,66,65.6667,57,0.884009,362.333,367,219,189,0.609173
2010,3.0<=M<4.0,154,3.2961,9.04143,1.1415,0.168818,1,1.25,0.969997,154,0.969997,0.233566,1.66234,0.67853,1.61234,0.664145,10.7273,8.64051,7.82271,4.08849,11.7257,0.623377,0.967532,1,11.1685,9.98941,2.50649,1,1.76623,1,0.670115,10.6364,9,5.44156,4,0.508688,75.7597,73,9.86364,6,0.135897,274.273,274.5,10.6429,6,0.0405936
2010,4.0<=M<5.0,17,4.34706,7.87588,1.37825,0.158087,1.25896,1.53247,1.28248,17,1.28248,0.17042,3.17647,0.727607,3.08824,0.525455,109.529,9.40258,10.9803,4.77347,12.8563,0.470588,1,1,13.3379,12.9404,2.11765,1,1.76471,0,0.676768,10,7,8.88235,6,0.878478,72.6471,69,47.6471,47,0.658654,251.647,235,86.2353,87,0.348545
2010,5.0<=M<6.0,2,5.45,7.37,1.55726,0.103069,1.52082,1.5937,1.49294,2,1.49294,0.109339,4,0,3.95,0.0707107,383.5,12.2747,12.2747,11.7506,12.7988,0,1,1,12.2747,12.2747,0,0,0,0,,5.5,5.5,4.5,4.5,0.833333,77,77,57.5,57.5,0.734781,252.5,252.5,181.5,181.5,0.710796
2011,3.0<=M<4.0,1576,3.35355,7.82742,1.19865,0.294726,1,1.28571,1.0282,1576,1.0282,0.331112,1.72843,0.743124,1.65838,0.719819,11.1263,9.45474,8.38237,4.99692,11.9374,0.624365,0.942893,0.998096,12.7128,9.77672,1.83566,1,1.29949,1,0.728118,8.35406,7,3.93972,3,0.451766,65.0387,64,8.80711,5,0.130291,242.659,235,10.7697,5,0.0431245
2011,4.0<=M<5.0,260,4.31769,8.123,1.26088,0.20335,1.16165,1.33686,1.13042,260,1.13042,0.221594,3.01346,0.802272,2.96192,0.735826,136.162,9.75968,9.41514,5.81218,12.3046,0.588462,0.980769,0.988462,15.7946,11.1911,1.49615,1,1.24615,1,0.873687,7.44231,6,6.08077,5,0.803312,62.2115,64,39.1346,40,0.623202,230.581,228,89.0885,83,0.387143
2011,5.0<=M<6.0,34,5.33235,6.76059,1.60719,0.248406,1.42253,1.74216,1.52306,34,1.52306,0.265581,4.63235,0.837645,4.46471,0.666462,543.471,8.0981,7.8285,4.27038,11.5966,0.705882,1,1,11.1366,8.53226,2.11765,1,1.76471,1,0.875,7.91176,6.5,7.05882,5.5,0.87838,60.4412,60.5,50.7353,51.5,0.840351,231.882,234.5,167.176,164.5,0.728385
2011,6.0<=M<7.0,5,6.32,10.148,2.15301,0.179413,2.11369,2.30848,2.08538,5,2.08538,0.187193,6,0.5,5.7,0.65192,1309.6,7.91552,8.97634,2.00217,13.6182,0.6,1,1,12.6503,14.6501,1.4,1,0.8,1,0.583333,7.6,7,6,5,0.800342,75,66,64.2,51,0.836249,271.4,238,233.8,183,0.842966
2011,7.0<=M,1,7,6.42,2.72646,,2.72646,2.72646,2.66273,1,2.66273,,6,,5.8,,1795,12.406,12.406,12.406,12.406,0,1,1,18.787,18.787,0,0,0,0,,4,4,4,4,1,59,59,48,48,0.813559,215,215,178,178,0.827907
2012,3.0<=M<4.0,362,3.31602,8.70489,1.15665,0.199325,1,1.27273,0.989405,362,0.989405,0.244612,1.65193,0.694545,1.61602,0.672794,11.7597,8.61958,8.15048,4.61584,11.6936,0.632597,0.980663,1,10.9713,10.172,2.17956,2,1.68508,1,0.778733,10.1354,9,5.33702,4,0.512227,68.4199,65,10.0856,6,0.147638,263.854,243.5,11.5193,6,0.0439928
2012,4.0<=M<5.0,33,4.2303,7.61545,1.35127,0.164647,1.22222,1.44444,1.21184,33,1.21184,0.17538,3.15152,0.66714,3.1,0.591608,101.424,8.32608,6.9388,5.30761,11.8006,0.636364,1,1,11.7727,10.4998,1.78788,1,1.75758,1,0.988095,9.48485,9,8.66667,8,0.924585,63.9697,66,43.4848,37,0.651998,227.212,237,84.1818,60,0.343079
2012,5.0<=M<6.0,5,5.38,10.804,1.70673,0.0991232,1.61224,1.75063,1.63751,5,1.63751,0.11353,5.1,0.223607,4.68,0.192354,669.4,7.62548,7.3793,7.07939,9.58529,0.8,1,1,13.9124,11.7689,2.2,2,2.2,2,1,11.6,10,11.6,10,1,74,60,71,57,0.952919,280.2,238,248.8,213,0.879368
2013,3.0<=M<4.0,311,3.29614,8.44923,1.18424,0.252715,1,1.28571,1.01359,311,1.01359,0.299507,1.7299,0.712361,1.65756,0.700184,11.2122,8.84235,7.88322,4.55014,10.9963,0.684887,0.938907,1,11.5362,9.91689,2.35048,2,1.84244,1,0.815487,10.5498,9,5.29904,4,0.485458,70.7267,67,10.0643,6,0.136096,286.73,250,11.1222,6,0.0389917
2013,4.0<=M<5.0,30,4.24333,7.91267,1.25678,0.115013,1.19919,1.29167,1.11563,30,1.11563,0.126143,3,0.830455,2.92,0.726541,112.933,14.444,7.66293,4.68088,10.9723,0.633333,0.966667,0.966667,19.3501,10.2634,2,1,1.93333,1,0.973684,9.46667,9,8.53333,8,0.869931,65.6333,62,44.3667,45.5,0.656285,289.033,268,90.6333,95.5,0.338452
2013,5.0<=M<6.0,3,5.5,10.36,1.70588,0.28281,1.55741,1.83897,1.63399,3,1.63399,0.295663,4.83333,0.763763,4.66667,0.472582,764.667,8.64301,10.2232,7.59082,10.4853,0.333333,1,1,12.247,12.1778,1.33333,0,1.33333,0,1,8.66667,8,8,7,0.916667,65.3333,66,58.6667,59,0.900358,224,216,200.333,192,0.892604
2013,6.0<=M<7.0,2,6.3,8.845,1.97098,0.353902,1.84586,2.09611,1.91492,2,1.91492,0.359596,5.75,0.353553,5.25,0.353553,1148,6.19718,6.19718,5.19653,7.19782,1,1,1,6.92759,6.92759,2.5,2.5,2.5,2.5,1,9,9,8,8,0.883117,60,60,56.5,56.5,0.929321,412.5,412.5,387.5,387.5,0.937708
2014,3.0<=M<4.0,245,3.30286,8.31461,1.17925,0.194743,1,1.28571,1.01721,245,1.01721,0.234465,1.80408,0.71459,1.71796,0.654746,11.0653,8.35438,7.75912,4.63308,11.0528,0.706122,0.967347,1,11.4461,9.57682,2.22041,2,1.71837,1,0.813486,9.59592,8,5.05306,4,0.554522,69.9918,66,9.89796,7,0.142626,274.963,253,10.9347,7,0.0425286
2014,4.0<=M<5.0,22,4.30455,7.89318,1.30801,0.150561,1.19413,1.438,1.19447,22,1.19447,0.167467,3.36364,0.789542,3.29091,0.648007,143.091,7.73258,8.00619,3.69507,10.3055,0.727273,0.954545,1,12.5501,10.8039,2.5,2,2.27273,2,0.88975,10.0909,8.5,9.31818,8,0.925203,71.4091,65.5,52.3182,40.5,0.697649,283.045,241,110.273,89.5,0.389102
2014,5.0<=M<6.0,2,5.35,5.185,1.54503,0.208282,1.47139,1.61867,1.47251,2,1.47251,0.217592,5,0,4.7,0.141421,313.5,9.94355,9.94355,9.17815,10.709,0.5,1,1,9.94355,9.94355,0.5,0.5,0.5,0.5,1,5.5,5.5,5,5,0.928571,47,47,43,43,0.929825,250.5,250.5,171,171,0.757446
2014,6.0<=M<7.0,1,6.7,4.59,1.96356,,1.96356,1.96356,1.88535,1,1.88535,,6,,5.7,,1468,2.31123,2.31123,2.31123,2.31123,1,1,1,10.8301,10.8301,2,2,2,2,1,8,8,8,8,1,70,70,68,68,0.971429,251,251,236,236,0.940239
2015,3.0<=M<4.0,160,3.31875,9.30219,1.18445,0.227963,1,1.27976,1.04203,160,1.04203,0.269407,1.91875,0.75212,1.85937,0.707489,15.3,7.1603,6.18455,3.52796,9.4117,0.76875,0.98125,1,10.3032,9.09055,3.24375,3,2.56875,2,0.773513,12.8562,10,7.24375,5,0.55428,75.6188,67,13.475,8,0.178733,279.744,245.5,15.1438,8,0.0569414
2015,4.0<=M<5.0,15,4.20667,11.108,1.29988,0.141959,1.21902,1.44012,1.16072,15,1.16072,0.15929,3,0.845154,3.06667,0.788911,84.4667,8.09955,3.93269,3.17743,7.28738,0.8,0.933333,0.933333,15.3057,6.00091,3.2,3,3.06667,3,0.975694,9.93333,10,9.46667,10,0.947745,56.5333,63,37.6,36,0.700194,201.733,221,69.6667,60,0.389233
2015,5.0<=M<6.0,2,5.05,5.575,1.45689,0.0997435,1.42163,1.49216,1.35434,2,1.35434,0.0736281,5.25,0.353553,4.85,0.212132,295.5,7.09198,7.09198,6.94611,7.23785,1,1,1,7.69766,7.69766,1.5,1.5,1.5,1.5,1,6.5,6.5,6,6,0.958333,40.5,40.5,36.5,36.5,0.865442,138,138,113.5,113.5,0.715124
2016,3.0<=M<4.0,1197,3.32155,9.80868,1.29084,0.216272,1.14286,1.4,1.16318,1197,1.16318,0.242762,2.2523,0.734828,2.18755,0.684091,22.1161,4.16438,3.29214,2.09234,4.81275,0.937343,0.996658,1,8.00038,6.93863,6.03258,6,4.71094,4,0.79978,18.6558,21,11.2306,11,0.588572,91.2974,96,19.5347,15,0.209896,342.365,359,21.929,15,0.0639834
2016,4.0<=M<5.0,130,4.31154,10.1952,1.42282,0.130247,1.34133,1.50948,1.3094,130,1.3094,0.149132,3.73462,0.577983,3.72615,0.510746,180.169,3.82968,3.23833,1.82677,4.50366,0.969231,1,1,7.91471,7.01702,6.14615,7,5.47692,6,0.922393,18.5615,22,16.7615,19,0.916416,90.2462,96,69.2,69,0.761803,343.215,363,151.785,134,0.437836
2016,5.0<=M<6.0,18,5.39444,11.3072,1.90029,0.271551,1.75455,2.06149,1.8256,18,1.8256,0.287102,5.19444,0.709989,4.92778,0.625728,549.056,2.98644,2.84047,2.22214,3.72809,1,1,1,9.25572,7.37302,6.22222,5.5,5.72222,4.5,0.944921,19.1111,22,17.7778,19,0.935615,91.5,96,87.1667,93,0.953448,347.944,360.5,311.056,331,0.89044
2016,6.0<=M<7.0,4,6.45,9.8875,2.31717,0.183756,2.20731,2.39148,2.25174,4,2.25174,0.174431,6.375,0.478714,5.975,0.464579,1195.75,4.36538,3.24526,2.85785,4.75279,1,1,1,8.97669,9.61606,4.5,4.5,4.5,4.5,1,19.25,20,18.25,19,0.962251,83.25,85,81,83.5,0.973077,308,308,293.75,291.5,0.954581
2016,7.0<=M,1,7.3,12.45,2.56359,,2.56359,2.56359,2.50205,1,2.50205,,7,,6.7,,1950,2.64912,2.64912,2.64912,2.64912,1,1,1,5.95463,5.95463,8,8,8,8,1,26,26,25,25,0.961538,99,99,97,97,0.979798,390,390,374,374,0.958974
2017,3.0<=M<4.0,262,3.30153,8.83168,1.20614,0.208449,1,1.33163,1.03684,262,1.03684,0.253838,1.88168,0.676174,1.79122,0.652698,13.5305,6.78891,5.12939,3.07352,9.73315,0.763359,0.973282,1,9.69596,7.78023,3.56107,3,2.72519,2,0.758124,12.7481,11,6.79008,6,0.532427,75.4427,73,11.7824,9,0.161279,284.347,270,13.3626,9,0.051253
2017,4.0<=M<5.0,22,4.41818,9.13545,1.28152,0.133728,1.18472,1.39172,1.17083,22,1.17083,0.223801,3.09091,1.01929,3.1,0.963624,198.318,13.3843,7.98505,4.66131,10.1866,0.636364,0.954545,0.954545,16.3009,11.2681,2.45455,1.5,2.22727,1.5,0.939141,9.5,9,9,9,0.924599,60.5455,69.5,50,55.5,0.777411,228.182,247,125.591,137.5,0.494061
2017,5.0<=M<6.0,7,5.41429,10.8271,1.42791,0.375082,1.1978,1.55071,1.30689,7,1.30689,0.432352,3.42857,1.78952,3.42857,1.67403,422.429,60.7973,9.06592,4.2842,117.362,0.571429,0.571429,0.571429,68.9601,13.784,2.42857,1,2.28571,1,0.95,8.28571,9,8,8,0.95,41.1429,58,38.4286,52,0.93177,156.571,179,130.143,147,0.864897
2018,3.0<=M<4.0,243,3.26708,10.8502,1.15223,0.191468,1,1.25,0.999005,243,0.999005,0.217128,1.70782,0.687116,1.66296,0.618739,14.716,6.78465,6.13558,2.84823,8.66853,0.860082,0.979424,0.995885,9.80599,7.8213,3.58848,2,2.88477,2,0.828484,14.7984,10,7.96296,5,0.517503,75.3992,64,13.642,7,0.167262,260.934,249,14.6502,7,0.0592195
2018,4.0<=M<5.0,38,4.27368,11.365,1.35113,0.156253,1.22882,1.45536,1.22966,38,1.22966,0.20826,3.10526,0.763685,3.02105,0.751632,136.605,7.22999,5.27962,2.10978,8.90483,0.868421,0.973684,0.973684,11.9192,8.48863,3.28947,2,3.15789,2,0.950455,13.8947,7.5,13.2895,7.5,0.922954,67.3421,53,52.1579,42.5,0.719493,218.921,176,96.7632,77.5,0.416253
2018,5.0<=M<6.0,4,5.25,10.8025,1.64558,0.36469,1.46499,1.65249,1.56693,4,1.56693,0.382411,4.875,0.629153,4.65,0.5,270.25,4.51911,4.18706,3.47421,5.23196,1,1,1,5.81059,5.91644,2.5,3,2.5,3,1,9.25,9.5,8.75,9.5,0.919643,56.25,71,52.75,67,0.930281,202.75,263.5,155,174.5,0.80464
2018,6.0<=M<7.0,2,6.1,12.555,2.10205,0.239096,2.01751,2.18658,2.03434,2,2.03434,0.257218,5.75,0.353553,5.5,0.141421,1264.5,4.41795,4.41795,2.59795,6.23794,1,1,1,5.06656,5.06656,6,6,6,6,1,30.5,30.5,30.5,30.5,1,128,128,125.5,125.5,0.988152,327.5,327.5,315.5,315.5,0.967617
2019,3.0<=M<4.0,144,3.29514,10.4949,1.17268,0.182022,1,1.25417,0.995481,144,0.995481,0.230798,1.79861,0.632233,1.73333,0.611086,15.0069,7.0459,5.4935,3.47517,9.08994,0.805556,0.965278,1,11.1817,8.4751,3.48611,3,2.61806,2,0.748155,13.7083,11,7.73611,6,0.564742,80.2083,73,13.5764,8.5,0.172825,292.299,297.5,14.8333,9,0.0530003
2019,4.0<=M<5.0,16,4.3875,10.2575,1.39344,0.180029,1.27663,1.50139,1.288,16,1.288,0.193935,3.4375,0.813941,3.23125,0.691586,201.375,8.30413,8.20555,6.06134,9.88313,0.75,1,1,14.087,13.4469,1.6875,1,1.5,1,0.878205,9.9375,10,9.1875,9.5,0.91432,70.4375,70,54.3125,52,0.774795,253.438,260.5,124.125,102.5,0.493307
2019,5.0<=M<6.0,1,5.1,10.44,1.86015,,1.86015,1.86015,1.81437,1,1.81437,,6,,5.5,,522,4.79168,4.79168,4.79168,4.79168,1,1,1,6.48627,6.48627,7,7,7,7,1,27,27,26,26,0.962963,145,145,139,139,0.958621,406,406,375,375,0.923645
2020,3.0<=M<4.0,213,3.2784,7.14826,1.13882,0.17942,1,1.2381,0.983732,213,0.983732,0.222632,1.6338,0.670949,1.58357,0.609874,10.9859,9.50154,10.2323,5.2115,11.789,0.483568,0.957746,1,11.7598,11.161,1.89671,1,1.44131,0,0.734352,8.65258,5,4.68545,3,0.587369,71.3991,69,9.6338,5,0.136501,276.16,285,10.8122,5,0.0402023
2020,4.0<=M<5.0,30,4.37333,6.01133,1.26627,0.11615,1.20189,1.31081,1.14301,30,1.14301,0.119309,2.86667,0.571346,2.80667,0.469727,71.6,9.23895,10.1143,7.14905,11.4164,0.466667,1,1,12.0427,10.5173,0.8,0,0.766667,0,0.964286,6.2,3,5.66667,3,0.958728,68.2,68.5,40.5333,45,0.595019,267.167,285.5,61.4,57,0.240359
2020,5.0<=M<6.0,7,5.24286,5.57143,1.34965,0.140768,1.25492,1.36697,1.2168,7,1.2168,0.160853,4.07143,0.932227,3.87143,0.801487,262.429,9.28692,10.8708,7.93441,11.5227,0.285714,1,1,11.9064,11.8629,1.14286,0,1.14286,0,1,5.85714,5,5.85714,5,1,59.8571,70,54,62,0.908102,243.429,285,122.143,118,0.546105
2021,3.0<=M<4.0,194,3.29639,9.05351,1.19097,0.231118,1,1.3,1.03889,194,1.03889,0.281766,1.82474,0.734216,1.75103,0.68335,12.6649,7.46062,6.52664,3.78447,9.69874,0.768041,0.974227,1,11.1237,9.07159,2.96907,2,2.20103,2,0.761423,11.4021,10,6.3299,4.5,0.581935,72.2577,69,11.701,6,0.166843,274.443,285,12.6082,6.5,0.0459995
2021,4.0<=M<5.0,40,4.3,9.5515,1.30155,0.138824,1.21875,1.36503,1.16254,40,1.16254,0.150186,3.175,0.812956,3.1275,0.681998,124,7.13896,4.53133,3.52503,10.4497,0.725,0.975,1,12.399,10.5359,2.675,2,2.525,2,0.962452,8.575,6,8.025,5.5,0.934628,63.425,68.5,45.975,42.5,0.706967,255.35,283.5,96.225,67,0.336237
2021,5.0<=M<6.0,3,5.26667,10.23,1.5701,0.203601,1.48062,1.68086,1.48275,3,1.48275,0.228619,4.66667,0.57735,4.2,0.608276,499.667,9.13182,6.68368,6.51365,10.5259,0.666667,1,1,13.1921,9.10467,1.33333,2,1.33333,2,1,4.33333,4,4.33333,4,1,38.3333,36,36,34,0.957327,189.667,213,137.333,145,0.803393
2022,3.0<=M<4.0,205,3.31463,10.5032,1.21303,0.259625,1,1.33333,1.09423,205,1.09423,0.284103,1.74146,0.697677,1.72829,0.642208,12.361,7.17492,6.58241,3.85893,8.71786,0.863415,0.97561,1,9.92621,8.44794,2.92195,2,2.21463,2,0.784976,11.0829,7,5.92195,4,0.546713,59.2439,51,10.8878,5,0.19846,215.878,194,12.2488,5,0.0536939
2022,4.0<=M<5.0,36,4.25833,11.0719,1.43289,0.235172,1.27219,1.55667,1.29734,36,1.29734,0.25857,3.22222,0.680803,3.23889,0.664735,111.417,7.14203,6.66228,3.6688,8.25963,0.861111,0.972222,1,10.9178,7.63788,2.72222,2,2.44444,2,0.942473,10.9167,6.5,9.75,6,0.949681,60.3333,39.5,44.6667,26.5,0.752393,200.583,132,89.3611,36.5,0.384687
2022,5.0<=M<6.0,4,5.25,8.4975,1.67161,0.154741,1.6099,1.71519,1.59652,4,1.59652,0.155769,5.5,0.408248,5.1,0.294392,159.5,6.65004,6.43048,5.43664,7.64388,1,1,1,6.65004,6.43048,1.5,1.5,1.5,1.5,1,3.25,3,3.25,3,1,13.5,14,13.5,14,1,58.75,57.5,53.75,54,0.905597
